generated_at,competition,fixture_id,utcDate_fixture,matchday_fixture,rank,source,kind,utcDate_prev,matchday_prev,home_prev,away_prev,score_fulltime_prev,target_side_in_prev,target_team,target_pos_then,opponent,opponent_pos_then,target_gfpg_then,target_gapg_then,opponent_gfpg_then,opponent_gapg_then,delta_total,delta_total_val,match_id_prev,date_prev,fd_source_file,fd_schema_hint,mapped_home,mapped_away,fd_found,fd_reason,fd_FTHG,fd_FTAG,fd_FTR,fd_HTHG,fd_HTAG,fd_HTR,fd_HS,fd_AS,fd_HST,fd_AST,fd_HF,fd_AF,fd_HC,fd_AC,fd_HY,fd_AY,fd_HR,fd_AR,fd_Date,fd_Home,fd_Away
2026-02-01 18:53:17,FL1,542591,2026-02-08T19:45:00Z,21,1,Home Similar,home,2026-01-16T20:00:00Z,18,Paris Saint-Germain FC,Lille OSC,3-0,CASA,Paris Saint-Germain FC,2,Lille OSC,4,2.176,0.882,1.941,1.294,0.662,0.6617647058823526,542563,2026-01-16,F1.csv,data.co.uk classic (HomeTeam/AwayTeam),paris,lille,False,not found (strict even after mapping),,,,,,,,,,,,,,,,,,,,,
2026-02-01 18:53:17,FL1,542591,2026-02-08T19:45:00Z,21,2,Home Similar,home,2025-10-17T18:45:00Z,8,Paris Saint-Germain FC,RC Strasbourg Alsace,3-3,CASA,Paris Saint-Germain FC,1,RC Strasbourg Alsace,3,1.857,0.714,2.0,1.0,0.779,0.7785714285714284,542474,2025-10-17,F1.csv,data.co.uk classic (HomeTeam/AwayTeam),paris,strasbourg,False,not found (strict even after mapping),,,,,,,,,,,,,,,,,,,,,
2026-02-01 18:53:17,FL1,542591,2026-02-08T19:45:00Z,21,3,Away Similar,away,2025-12-05T20:00:00Z,15,Lille OSC,Olympique de Marseille,1-0,FORA,Olympique de Marseille,3,Lille OSC,4,2.5,1.0,2.0,1.214,0.864,0.8642857142857143,542538,2025-12-05,F1.csv,data.co.uk classic (HomeTeam/AwayTeam),lille,marseille,True,exact match (mapped names),1.0,0.0,H,1.0,0.0,H,5.0,6.0,2.0,2.0,9.0,11.0,2.0,5.0,1.0,1.0,0.0,0.0,2025-12-05,Lille,Marseille
2026-02-01 18:53:17,FL1,542591,2026-02-08T19:45:00Z,21,4,Home Similar,home,2025-12-06T20:05:00Z,15,Paris Saint-Germain FC,Stade Rennais FC 1901,5-0,CASA,Paris Saint-Germain FC,2,Stade Rennais FC 1901,5,1.929,0.857,1.714,1.286,1.05,1.0499999999999998,542539,2025-12-06,F1.csv,data.co.uk classic (HomeTeam/AwayTeam),,,False,team mapping not accepted (score below threshold),,,,,,,,,,,,,,,,,,,,,
2026-02-01 18:53:17,FL1,542591,2026-02-08T19:45:00Z,21,5,Away Similar,away,2025-10-25T19:05:00Z,9,Racing Club de Lens,Olympique de Marseille,2-1,FORA,Olympique de Marseille,1,Racing Club de Lens,4,2.625,0.875,1.5,0.875,1.275,1.275,542483,2025-10-25,F1.csv,data.co.uk classic (HomeTeam/AwayTeam),lens,marseille,True,exact match (mapped names),2.0,1.0,H,1.0,1.0,D,8.0,17.0,5.0,3.0,12.0,9.0,4.0,8.0,3.0,2.0,0.0,0.0,2025-10-25,Lens,Marseille
2026-02-01 18:53:17,FL1,542591,2026-02-08T19:45:00Z,21,6,Away Similar,away,2025-09-26T18:45:00Z,6,RC Strasbourg Alsace,Olympique de Marseille,1-2,FORA,Olympique de Marseille,6,RC Strasbourg Alsace,4,2.0,0.8,1.6,1.0,1.35,1.3499999999999996,542457,2025-09-26,F1.csv,data.co.uk classic (HomeTeam/AwayTeam),strasbourg,marseille,True,exact match (mapped names),1.0,2.0,A,0.0,0.0,D,9.0,16.0,1.0,9.0,13.0,15.0,5.0,4.0,2.0,4.0,0.0,0.0,2025-09-26,Strasbourg,Marseille
2026-02-01 18:53:17,FL1,542591,2026-02-08T19:45:00Z,21,7,Home Similar,home,2025-09-14T15:15:00Z,4,Paris Saint-Germain FC,Racing Club de Lens,2-0,CASA,Paris Saint-Germain FC,1,Racing Club de Lens,5,2.667,1.0,1.667,1.0,1.45,1.4499999999999995,542438,2025-09-14,F1.csv,data.co.uk classic (HomeTeam/AwayTeam),paris,lens,False,not found (strict even after mapping),,,,,,,,,,,,,,,,,,,,,
2026-02-01 18:53:17,FL1,542591,2026-02-08T19:45:00Z,21,8,Away Similar,away,2025-08-31T18:45:00Z,3,Olympique Lyonnais,Olympique de Marseille,1-0,FORA,Olympique de Marseille,7,Olympique Lyonnais,1,2.5,1.5,2.0,0.0,1.55,1.55,542430,2025-08-31,F1.csv,data.co.uk classic (HomeTeam/AwayTeam),lyon,marseille,True,exact match (mapped names),1.0,0.0,H,0.0,0.0,D,17.0,5.0,5.0,2.0,16.0,11.0,9.0,4.0,2.0,2.0,0.0,1.0,2025-08-31,Lyon,Marseille
2026-02-01 18:53:17,FL1,542591,2026-02-08T19:45:00Z,21,9,Home Similar,home,2025-08-22T18:45:00Z,2,Paris Saint-Germain FC,Angers SCO,1-0,CASA,Paris Saint-Germain FC,5,Angers SCO,3,1.0,0.0,1.0,0.0,4.35,4.35,542422,2025-08-22,F1.csv,data.co.uk classic (HomeTeam/AwayTeam),paris,angers,False,not found (strict even after mapping),,,,,,,,,,,,,,,,,,,,,
