generated_at,competition,fixture_id,utcDate_fixture,matchday_fixture,rank,source,kind,utcDate_prev,matchday_prev,home_prev,away_prev,score_fulltime_prev,target_side_in_prev,target_team,target_pos_then,opponent,opponent_pos_then,target_gfpg_then,target_gapg_then,opponent_gfpg_then,opponent_gapg_then,delta_total,delta_total_val,match_id_prev,date_prev,fd_source_file,fd_schema_hint,mapped_home,mapped_away,teammap_home_score,teammap_away_score,teammap_home_risk,teammap_away_risk,fd_found,fd_reason,fd_FTHG,fd_FTAG,fd_FTR,fd_HTHG,fd_HTAG,fd_HTR,fd_HS,fd_AS,fd_HST,fd_AST,fd_HF,fd_AF,fd_HC,fd_AC,fd_HY,fd_AY,fd_HR,fd_AR,fd_Date,fd_Home,fd_Away
2026-02-02 02:43:48,SA,537054,2026-02-08T14:00:00Z,24,1,Away Similar,away,2025-11-29T14:00:00Z,13,Parma Calcio 1913,Udinese Calcio,0-2,FORA,Udinese Calcio,10,Parma Calcio 1913,15,1.0,1.667,0.75,1.25,0.497,0.4967061923583665,536942,2025-11-29,I1.csv,data.co.uk classic (HomeTeam/AwayTeam),parma,udinese,0.9294,0.95,ok,ok,True,exact match (mapped names),0,2,A,0,1,A,17,14,2,5,6,19,5,9,1,2,1,1,2025-11-29,Parma,Udinese
2026-02-02 02:43:48,SA,537054,2026-02-08T14:00:00Z,24,2,Home Similar,home,2025-11-30T11:30:00Z,13,US Lecce,Torino FC,2-1,CASA,US Lecce,17,Torino FC,12,0.667,1.333,0.917,1.75,0.555,0.55467720685112,536944,2025-11-30,I1.csv,data.co.uk classic (HomeTeam/AwayTeam),lecce,torino,0.9625,1.0,ok,ok,True,exact match (mapped names),2,1,H,2,0,H,10,15,2,6,16,22,6,6,2,3,0,0,2025-11-30,Lecce,Torino
2026-02-02 02:43:48,SA,537054,2026-02-08T14:00:00Z,24,3,Away Similar,away,2026-01-26T19:45:00Z,22,Hellas Verona FC,Udinese Calcio,1-3,FORA,Udinese Calcio,10,Hellas Verona FC,20,1.048,1.571,0.81,1.619,0.674,0.673724825898739,537030,2026-01-26,I1.csv,data.co.uk classic (HomeTeam/AwayTeam),verona,udinese,0.9462,0.95,ok,ok,True,exact match (mapped names),1,3,A,1,1,D,7,20,4,7,8,11,3,8,2,0,0,0,2026-01-26,Verona,Udinese
2026-02-02 02:43:48,SA,537054,2026-02-08T14:00:00Z,24,4,Away Similar,away,2025-12-21T17:00:00Z,16,ACF Fiorentina,Udinese Calcio,5-1,FORA,Udinese Calcio,10,ACF Fiorentina,20,1.067,1.467,0.8,1.733,0.812,0.8122529644268778,536965,2025-12-21,I1.csv,data.co.uk classic (HomeTeam/AwayTeam),fiorentina,udinese,0.9714,0.95,ok,ok,True,exact match (mapped names),5,1,H,3,0,H,20,11,7,4,10,8,1,4,3,1,0,1,2025-12-21,Fiorentina,Udinese
2026-02-02 02:43:48,SA,537054,2026-02-08T14:00:00Z,24,5,Home Similar,home,2026-01-24T19:45:00Z,22,US Lecce,SS Lazio,0-0,CASA,US Lecce,18,SS Lazio,9,0.619,1.381,1.0,0.905,0.907,0.9074910596649728,537034,2026-01-24,I1.csv,data.co.uk classic (HomeTeam/AwayTeam),lecce,lazio,0.9625,0.9625,ok,ok,True,exact match (mapped names),0,0,D,0,0,D,15,6,2,1,16,6,4,1,2,1,0,0,2026-01-24,Lecce,Lazio
2026-02-02 02:43:48,SA,537054,2026-02-08T14:00:00Z,24,6,Home Similar,home,2025-10-18T13:00:00Z,7,US Lecce,US Sassuolo Calcio,0-0,CASA,US Lecce,15,US Sassuolo Calcio,9,0.833,1.667,1.333,1.333,1.04,1.0395256916996047,536884,2025-10-18,I1.csv,data.co.uk classic (HomeTeam/AwayTeam),lecce,sassuolo,0.9625,0.9444,ok,ok,True,exact match (mapped names),0,0,D,0,0,D,11,9,2,2,16,14,6,4,2,2,0,0,2025-10-18,Lecce,Sassuolo
2026-02-02 02:43:48,SA,537054,2026-02-08T14:00:00Z,24,7,Away Similar,away,2025-09-28T10:30:00Z,5,US Sassuolo Calcio,Udinese Calcio,3-1,FORA,Udinese Calcio,9,US Sassuolo Calcio,14,1.0,1.25,1.0,1.75,1.312,1.3122529644268774,536863,2025-09-28,I1.csv,data.co.uk classic (HomeTeam/AwayTeam),sassuolo,udinese,0.9444,0.95,ok,ok,True,exact match (mapped names),3,1,H,2,0,H,11,12,5,5,5,22,1,5,0,3,0,0,2025-09-28,Sassuolo,Udinese
2026-02-02 02:43:48,SA,537054,2026-02-08T14:00:00Z,24,8,Home Similar,home,2025-09-19T18:45:00Z,4,US Lecce,Cagliari Calcio,1-2,CASA,US Lecce,20,Cagliari Calcio,8,0.333,2.0,1.0,0.667,1.943,1.9426877470355728,536854,2025-09-19,I1.csv,data.co.uk classic (HomeTeam/AwayTeam),lecce,cagliari,0.9625,0.9533,ok,ok,True,exact match (mapped names),1,2,A,1,1,D,11,15,5,6,10,19,4,7,2,3,0,0,2025-09-19,Lecce,Cagliari
2026-02-02 02:43:48,SA,537054,2026-02-08T14:00:00Z,24,9,Home Similar,home,2025-09-28T16:00:00Z,5,US Lecce,Bologna FC 1909,2-2,CASA,US Lecce,20,Bologna FC 1909,11,0.5,2.0,0.75,0.75,1.943,1.9426877470355728,536864,2025-09-28,I1.csv,data.co.uk classic (HomeTeam/AwayTeam),lecce,bologna,0.9625,0.9583,ok,ok,True,exact match (mapped names),2,2,D,1,1,D,12,14,4,5,13,13,3,9,4,2,0,0,2025-09-28,Lecce,Bologna
