generated_at,league_key,competition,fixture_id,utcDate_fixture,date_fixture,matchday_fixture,rank,kind,utcDate_prev,matchday_prev,home_prev,away_prev,score_fulltime_prev,target_team,target_side_in_prev,target_pos_then,opponent,opponent_pos_then,target_gfpg_then,target_gapg_then,opponent_gfpg_then,opponent_gapg_then,delta_total,delta_total_val,match_id_prev
2026-02-04 03:16:31,PD,PD,544439,2026-02-08T20:00:00Z,2026-02-08,23,1,away,2025-11-30T20:00:00Z,14,Girona FC,Real Madrid CF,1-1,Real Madrid CF,AWAY,1,Girona FC,18,2.154,0.923,0.923,1.923,0.577,0.576923076923077,544343
2026-02-04 03:16:31,PD,PD,544439,2026-02-08T20:00:00Z,2026-02-08,23,2,home,2025-10-25T19:00:00Z,10,Valencia CF,Villarreal CF,0-2,Valencia CF,HOME,14,Villarreal CF,3,1.111,1.556,1.778,1.111,0.753,0.7525252525252525,544304
2026-02-04 03:16:31,PD,PD,544439,2026-02-08T20:00:00Z,2026-02-08,23,3,away,2025-09-13T14:15:00Z,4,Real Sociedad de Fútbol,Real Madrid CF,1-2,Real Madrid CF,AWAY,1,Real Sociedad de Fútbol,16,2.000,0.333,1.000,1.333,0.924,0.9242424242424241,544250
2026-02-04 03:16:31,PD,PD,544439,2026-02-08T20:00:00Z,2026-02-08,23,4,home,2025-11-09T17:30:00Z,12,Valencia CF,Real Betis Balompié,1-1,Valencia CF,HOME,18,Real Betis Balompié,5,0.909,1.818,1.636,1.091,1.136,1.136363636363636,544328
2026-02-04 03:16:31,PD,PD,544439,2026-02-08T20:00:00Z,2026-02-08,23,5,home,2025-09-20T19:00:00Z,5,Valencia CF,Athletic Club,2-0,Valencia CF,HOME,14,Athletic Club,4,1.000,2.000,1.500,1.000,1.273,1.2727272727272725,544256
2026-02-04 03:16:31,PD,PD,544439,2026-02-08T20:00:00Z,2026-02-08,23,6,home,2026-01-24T15:15:00Z,21,Valencia CF,RCD Espanyol de Barcelona,3-2,Valencia CF,HOME,17,RCD Espanyol de Barcelona,5,0.950,1.550,1.150,1.100,1.405,1.4045454545454543,544417
2026-02-04 03:16:31,PD,PD,544439,2026-02-08T20:00:00Z,2026-02-08,23,7,away,2025-09-23T19:30:00Z,6,Levante UD,Real Madrid CF,1-4,Real Madrid CF,AWAY,1,Levante UD,15,2.000,0.400,1.800,1.800,1.518,1.5181818181818183,544264
2026-02-04 03:16:31,PD,PD,544439,2026-02-08T20:00:00Z,2026-02-08,23,8,home,2025-08-29T19:30:00Z,3,Valencia CF,Getafe CF,3-0,Valencia CF,HOME,14,Getafe CF,4,0.500,1.000,2.000,0.500,1.591,1.5909090909090908,544239
2026-02-04 03:16:31,PD,PD,544439,2026-02-08T20:00:00Z,2026-02-08,23,9,away,2025-08-24T19:30:00Z,2,Real Oviedo,Real Madrid CF,0-3,Real Madrid CF,AWAY,8,Real Oviedo,19,1.000,0.000,0.000,2.000,3.409,3.409090909090909,544224
